round_0,round_1,round_2,round_3,round_4,round_5,round_6,round_7,round_8
0,,,,,,,,
1,"(1, 100.0)","(1, 100.0)","(1, 100.0)","(1, 99.99)","(1, 99.97)","(1, 75.47)","(1, 100.0)","(1, 100.0)"
0,,,,,,,,
0,,,,,,,,
1,"(1, 99.99)","(1, 100.0)","(1, 100.0)","(1, 100.0)","(1, 100.0)","(1, 100.0)","(1, 100.0)","(1, 100.0)"
1,"(1, 100.0)","(1, 100.0)","(1, 100.0)","(1, 100.0)","(1, 100.0)","(1, 100.0)","(1, 100.0)","(1, 100.0)"
0,,,,,,,,
0,,,,,,,,
0,,,,,,,,
0,,,,,,,,
0,,,,,,,,
0,,,,,,,,
0,,,,,,,,
0,,,,,,,,
0,,,,,,,,
1,"(1, 100.0)","(1, 100.0)","(1, 100.0)","(1, 100.0)","(1, 100.0)","(1, 100.0)","(1, 100.0)","(1, 100.0)"
1,"(1, 100.0)","(1, 100.0)","(1, 100.0)","(1, 100.0)","(1, 100.0)","(1, 100.0)","(1, 100.0)","(1, 100.0)"
1,"(1, 100.0)","(1, 100.0)","(1, 100.0)","(1, 100.0)","(1, 100.0)","(1, 100.0)","(1, 100.0)","(1, 100.0)"
1,"(1, 100.0)","(1, 100.0)","(1, 100.0)","(1, 100.0)","(1, 100.0)","(1, 100.0)","(1, 100.0)","(1, 100.0)"
1,"(1, 100.0)","(1, 100.0)","(1, 100.0)","(1, 100.0)","(1, 99.97)","(1, 99.99)","(1, 100.0)","(1, 99.99)"
0,,,,,,,,
1,"(1, 100.0)","(1, 100.0)","(1, 100.0)","(1, 100.0)","(1, 100.0)","(1, 100.0)","(1, 100.0)","(1, 100.0)"
1,"(1, 100.0)","(1, 100.0)","(1, 100.0)","(1, 99.99)","(1, 99.85)","(1, 100.0)","(1, 100.0)","(1, 100.0)"
1,"(1, 100.0)","(1, 100.0)","(1, 100.0)","(1, 100.0)","(1, 100.0)","(1, 99.98)","(1, 100.0)","(1, 100.0)"
1,"(1, 100.0)","(1, 100.0)","(1, 100.0)","(1, 100.0)","(1, 100.0)","(1, 100.0)","(1, 100.0)","(1, 100.0)"
1,"(1, 100.0)","(1, 100.0)","(1, 100.0)","(1, 100.0)","(1, 100.0)","(1, 100.0)","(1, 100.0)","(1, 100.0)"
1,"(1, 70.83)","(0, 61.51)","(0, 59.86)","(1, 67.88)","(0, 89.16)","(1, 70.54)","(0, 93.95)","(1, 64.42)"
1,"(1, 100.0)","(1, 99.94)","(1, 99.99)","(1, 99.96)","(1, 99.68)","(1, 100.0)","(1, 100.0)","(1, 100.0)"
1,"(1, 100.0)","(1, 100.0)","(1, 100.0)","(1, 100.0)","(1, 100.0)","(1, 100.0)","(1, 100.0)","(1, 100.0)"
1,"(1, 99.99)","(1, 99.87)","(1, 100.0)","(1, 99.99)","(1, 100.0)","(1, 100.0)","(0, 100.0)","(1, 100.0)"
1,"(1, 100.0)","(1, 100.0)","(1, 100.0)","(1, 100.0)","(1, 100.0)","(1, 100.0)","(1, 100.0)","(1, 100.0)"
1,"(1, 99.95)","(1, 99.94)","(1, 99.94)","(1, 95.77)","(1, 99.02)","(1, 100.0)","(1, 100.0)","(1, 100.0)"
1,"(1, 99.64)","(1, 93.24)","(0, 67.91)","(1, 99.64)","(1, 90.28)","(1, 99.02)","(1, 65.11)","(1, 99.94)"
0,,,,,,,,
0,,,,,,,,
1,"(1, 100.0)","(1, 100.0)","(1, 100.0)","(1, 100.0)","(1, 100.0)","(1, 100.0)","(1, 100.0)","(1, 100.0)"
1,"(1, 100.0)","(1, 100.0)","(1, 100.0)","(1, 100.0)","(1, 100.0)","(1, 100.0)","(1, 100.0)","(1, 100.0)"
1,"(1, 100.0)","(1, 100.0)","(1, 100.0)","(1, 100.0)","(1, 100.0)","(1, 100.0)","(1, 100.0)","(1, 100.0)"
1,"(1, 100.0)","(1, 100.0)","(1, 100.0)","(1, 100.0)","(1, 100.0)","(1, 100.0)","(1, 100.0)","(1, 100.0)"
1,"(1, 100.0)","(1, 100.0)","(1, 100.0)","(1, 100.0)","(1, 100.0)","(1, 100.0)","(1, 100.0)","(1, 100.0)"
0,,,,,,,,
1,"(1, 100.0)","(1, 100.0)","(1, 100.0)","(1, 100.0)","(1, 100.0)","(1, 100.0)","(1, 100.0)","(1, 100.0)"
1,"(1, 100.0)","(1, 100.0)","(1, 100.0)","(1, 100.0)","(1, 100.0)","(1, 100.0)","(1, 100.0)","(1, 100.0)"
1,"(1, 100.0)","(1, 100.0)","(1, 100.0)","(1, 100.0)","(1, 100.0)","(1, 100.0)","(1, 100.0)","(1, 100.0)"
1,"(1, 100.0)","(1, 100.0)","(1, 100.0)","(1, 100.0)","(1, 100.0)","(1, 100.0)","(1, 100.0)","(1, 100.0)"
1,"(1, 100.0)","(1, 100.0)","(1, 100.0)","(1, 100.0)","(1, 100.0)","(1, 100.0)","(1, 100.0)","(1, 100.0)"
0,,,,,,,,
1,"(1, 100.0)","(1, 100.0)","(1, 100.0)","(1, 100.0)","(1, 100.0)","(1, 100.0)","(1, 100.0)","(1, 100.0)"
1,"(1, 100.0)","(1, 100.0)","(1, 100.0)","(1, 100.0)","(1, 100.0)","(1, 100.0)","(1, 100.0)","(1, 100.0)"
1,"(1, 100.0)","(1, 99.99)","(1, 100.0)","(1, 100.0)","(1, 100.0)","(1, 100.0)","(1, 100.0)","(1, 100.0)"
1,"(1, 100.0)","(1, 100.0)","(1, 100.0)","(1, 100.0)","(1, 100.0)","(1, 100.0)","(1, 100.0)","(1, 100.0)"
0,,,,,,,,
1,"(1, 100.0)","(1, 100.0)","(1, 100.0)","(1, 100.0)","(1, 100.0)","(1, 100.0)","(1, 100.0)","(1, 100.0)"
1,"(1, 100.0)","(1, 100.0)","(1, 100.0)","(1, 100.0)","(1, 100.0)","(1, 100.0)","(1, 100.0)","(1, 100.0)"
1,"(1, 100.0)","(1, 100.0)","(1, 100.0)","(1, 100.0)","(1, 100.0)","(1, 100.0)","(1, 100.0)","(1, 100.0)"
1,"(0, 50.0)","(1, 99.99)","(1, 99.94)","(1, 99.92)","(1, 99.93)","(1, 100.0)","(1, 100.0)","(1, 100.0)"
1,"(1, 100.0)","(1, 100.0)","(1, 100.0)","(1, 100.0)","(1, 100.0)","(1, 100.0)","(1, 100.0)","(1, 100.0)"
1,"(1, 100.0)","(1, 100.0)","(1, 100.0)","(1, 100.0)","(1, 100.0)","(1, 100.0)","(1, 100.0)","(1, 100.0)"
1,"(1, 100.0)","(1, 100.0)","(1, 100.0)","(1, 100.0)","(1, 100.0)","(1, 100.0)","(1, 100.0)","(1, 100.0)"
0,,,,,,,,
0,,,,,,,,
0,,,,,,,,
1,"(1, 100.0)","(1, 100.0)","(1, 100.0)","(1, 100.0)","(1, 100.0)","(1, 100.0)","(1, 100.0)","(1, 100.0)"
1,"(1, 100.0)","(1, 100.0)","(1, 100.0)","(1, 100.0)","(1, 100.0)","(1, 100.0)","(1, 100.0)","(1, 100.0)"
0,,,,,,,,
1,"(1, 99.99)","(1, 100.0)","(1, 100.0)","(1, 100.0)","(1, 100.0)","(1, 100.0)","(1, 100.0)","(1, 100.0)"
0,,,,,,,,
0,,,,,,,,
0,,,,,,,,
1,"(1, 100.0)","(1, 100.0)","(1, 100.0)","(1, 100.0)","(1, 99.99)","(1, 100.0)","(1, 100.0)","(1, 100.0)"
1,"(1, 100.0)","(1, 100.0)","(1, 100.0)","(1, 100.0)","(1, 100.0)","(1, 100.0)","(1, 100.0)","(1, 100.0)"
1,"(1, 100.0)","(0, 100.0)","(1, 100.0)","(1, 100.0)","(0, 100.0)","(1, 100.0)","(1, 100.0)","(0, 100.0)"
1,"(1, 96.39)","(1, 99.45)","(1, 93.3)","(1, 90.68)","(0, 29.53)","(0, 98.2)","(0, 95.58)","(1, 62.13)"
1,"(1, 100.0)","(1, 100.0)","(1, 100.0)","(1, 100.0)","(1, 100.0)","(1, 100.0)","(1, 100.0)","(1, 100.0)"
0,,,,,,,,
0,,,,,,,,
0,,,,,,,,
0,,,,,,,,
1,"(1, 100.0)","(1, 100.0)","(1, 100.0)","(1, 100.0)","(1, 100.0)","(1, 100.0)","(1, 100.0)","(1, 100.0)"
1,"(1, 100.0)","(1, 100.0)","(1, 100.0)","(1, 100.0)","(1, 100.0)","(1, 100.0)","(1, 100.0)","(1, 99.99)"
1,"(1, 99.98)","(1, 99.75)","(1, 99.92)","(1, 99.78)","(1, 99.33)","(1, 100.0)","(1, 100.0)","(1, 99.99)"
1,"(1, 99.21)","(1, 98.62)","(1, 93.17)","(1, 59.19)","(0, 93.96)","(0, 79.69)","(1, 73.09)","(1, 98.74)"
0,,,,,,,,
1,"(1, 100.0)","(1, 100.0)","(1, 100.0)","(1, 100.0)","(1, 99.99)","(1, 99.98)","(1, 100.0)","(1, 99.98)"
1,"(0, 92.46)","(1, 98.88)","(1, 99.89)","(1, 99.57)","(1, 93.89)","(1, 99.9)","(1, 100.0)","(1, 99.29)"
0,,,,,,,,
1,"(1, 99.98)","(1, 99.99)","(1, 99.97)","(1, 95.79)","(0, 56.21)","(0, 100.0)","(0, 100.0)","(0, 99.99)"
0,,,,,,,,
0,,,,,,,,
0,,,,,,,,
1,"(1, 100.0)","(1, 100.0)","(1, 100.0)","(1, 100.0)","(1, 100.0)","(1, 100.0)","(1, 100.0)","(1, 100.0)"
1,"(1, 99.66)","(1, 99.39)","(1, 99.79)","(1, 99.95)","(1, 99.16)","(1, 100.0)","(1, 100.0)","(1, 100.0)"
1,"(1, 100.0)","(1, 100.0)","(1, 100.0)","(1, 100.0)","(1, 100.0)","(1, 100.0)","(1, 100.0)","(1, 100.0)"
1,"(1, 100.0)","(1, 100.0)","(1, 100.0)","(1, 100.0)","(1, 100.0)","(1, 100.0)","(1, 100.0)","(1, 100.0)"
1,"(1, 100.0)","(1, 100.0)","(1, 100.0)","(1, 100.0)","(1, 100.0)","(1, 100.0)","(1, 100.0)","(1, 100.0)"
1,"(1, 100.0)","(1, 100.0)","(1, 100.0)","(1, 100.0)","(1, 100.0)","(1, 100.0)","(1, 100.0)","(1, 100.0)"
1,"(1, 100.0)","(1, 100.0)","(1, 100.0)","(1, 100.0)","(1, 100.0)","(1, 100.0)","(1, 100.0)","(1, 100.0)"
1,"(1, 100.0)","(1, 100.0)","(1, 100.0)","(1, 100.0)","(1, 100.0)","(1, 100.0)","(1, 100.0)","(1, 100.0)"
1,"(1, 99.95)","(1, 99.64)","(1, 99.92)","(1, 99.93)","(1, 99.83)","(1, 99.99)","(1, 100.0)","(1, 100.0)"
0,,,,,,,,
1,"(1, 100.0)","(1, 100.0)","(1, 100.0)","(1, 100.0)","(1, 100.0)","(1, 100.0)","(1, 100.0)","(1, 100.0)"
1,"(1, 100.0)","(1, 100.0)","(1, 100.0)","(1, 100.0)","(1, 100.0)","(1, 100.0)","(1, 100.0)","(1, 100.0)"
0,,,,,,,,
1,"(1, 99.7)","(1, 99.99)","(1, 99.97)","(1, 99.11)","(1, 98.53)","(1, 100.0)","(1, 100.0)","(1, 100.0)"
1,"(1, 100.0)","(1, 100.0)","(1, 100.0)","(1, 99.91)","(1, 100.0)","(1, 100.0)","(1, 100.0)","(1, 100.0)"
1,"(1, 100.0)","(1, 100.0)","(1, 100.0)","(1, 100.0)","(1, 100.0)","(1, 99.99)","(1, 100.0)","(1, 100.0)"
1,"(1, 100.0)","(1, 100.0)","(1, 100.0)","(1, 100.0)","(1, 100.0)","(1, 100.0)","(1, 100.0)","(1, 100.0)"
1,"(1, 100.0)","(1, 100.0)","(1, 100.0)","(1, 100.0)","(1, 100.0)","(1, 100.0)","(1, 100.0)","(1, 100.0)"
0,,,,,,,,
1,"(1, 100.0)","(1, 100.0)","(1, 100.0)","(1, 100.0)","(1, 100.0)","(1, 100.0)","(1, 100.0)","(1, 100.0)"
1,"(1, 100.0)","(1, 100.0)","(1, 100.0)","(1, 100.0)","(1, 100.0)","(1, 100.0)","(1, 100.0)","(1, 100.0)"
1,"(0, 95.08)","(0, 90.44)","(1, 93.91)","(0, 83.54)","(1, 99.97)","(1, 100.0)","(1, 100.0)","(1, 97.07)"
1,"(1, 98.74)","(1, 97.38)","(1, 98.85)","(1, 81.48)","(1, 81.08)","(1, 100.0)","(1, 100.0)","(1, 100.0)"
1,"(0, 99.24)","(0, 100.0)","(0, 100.0)","(0, 100.0)","(0, 99.99)","(1, 98.4)","(1, 100.0)","(1, 62.25)"
0,,,,,,,,
1,"(1, 100.0)","(1, 100.0)","(1, 100.0)","(1, 100.0)","(1, 100.0)","(1, 100.0)","(1, 100.0)","(1, 100.0)"
0,,,,,,,,
1,"(1, 95.22)","(0, 73.08)","(1, 86.66)","(0, 97.43)","(1, 99.1)","(1, 98.39)","(1, 100.0)","(1, 99.48)"
1,"(1, 99.78)","(0, 88.07)","(0, 99.98)","(0, 92.41)","(0, 97.97)","(0, 100.0)","(0, 100.0)","(0, 100.0)"
1,"(1, 100.0)","(1, 100.0)","(1, 100.0)","(1, 100.0)","(1, 100.0)","(1, 100.0)","(1, 100.0)","(1, 100.0)"
0,,,,,,,,
1,"(1, 76.73)","(1, 86.03)","(0, 58.58)","(1, 99.52)","(1, 85.45)","(1, 96.35)","(1, 99.99)","(1, 99.92)"
0,,,,,,,,
0,,,,,,,,
0,,,,,,,,
0,,,,,,,,
0,,,,,,,,
1,"(0, 86.51)","(0, 91.49)","(0, 70.57)","(0, 95.78)","(1, 56.14)","(0, 99.9)","(0, 100.0)","(0, 99.99)"
1,"(1, 100.0)","(1, 100.0)","(1, 100.0)","(1, 100.0)","(1, 100.0)","(1, 100.0)","(1, 100.0)","(1, 100.0)"
1,"(1, 99.94)","(1, 99.77)","(1, 98.39)","(1, 86.68)","(1, 79.8)","(0, 70.52)","(1, 92.37)","(1, 83.5)"
1,"(1, 99.99)","(1, 99.98)","(1, 99.91)","(1, 99.93)","(1, 99.96)","(1, 100.0)","(1, 100.0)","(1, 100.0)"
1,"(1, 100.0)","(1, 100.0)","(1, 100.0)","(1, 100.0)","(1, 100.0)","(1, 100.0)","(1, 100.0)","(1, 100.0)"
1,"(1, 100.0)","(1, 100.0)","(1, 100.0)","(1, 100.0)","(1, 100.0)","(1, 100.0)","(1, 100.0)","(1, 100.0)"
0,,,,,,,,
1,"(1, 99.98)","(1, 100.0)","(1, 100.0)","(1, 99.98)","(1, 99.91)","(1, 100.0)","(1, 99.99)","(1, 99.91)"
0,,,,,,,,
1,"(1, 100.0)","(1, 100.0)","(1, 100.0)","(1, 100.0)","(1, 100.0)","(1, 100.0)","(1, 100.0)","(1, 100.0)"
0,,,,,,,,
0,,,,,,,,
1,"(1, 100.0)","(1, 100.0)","(1, 100.0)","(1, 100.0)","(1, 100.0)","(1, 100.0)","(1, 100.0)","(1, 100.0)"
1,"(1, 91.49)","(0, 95.25)","(1, 99.64)","(0, 90.46)","(1, 99.94)","(1, 100.0)","(1, 100.0)","(1, 99.14)"
0,,,,,,,,
1,"(1, 99.99)","(1, 99.88)","(1, 99.98)","(1, 93.96)","(0, 56.19)","(1, 99.99)","(1, 99.88)","(1, 67.91)"
1,"(1, 99.23)","(1, 98.75)","(1, 94.65)","(1, 94.64)","(1, 83.53)","(1, 99.99)","(1, 100.0)","(1, 99.98)"
1,"(1, 100.0)","(1, 100.0)","(1, 100.0)","(1, 100.0)","(1, 100.0)","(1, 100.0)","(1, 100.0)","(1, 100.0)"
1,"(1, 99.9)","(1, 99.93)","(1, 99.35)","(1, 99.37)","(1, 99.75)","(1, 99.99)","(1, 100.0)","(1, 100.0)"
0,,,,,,,,
1,"(1, 98.9)","(1, 97.97)","(1, 88.08)","(1, 50.0)","(0, 96.27)","(0, 99.97)","(0, 100.0)","(1, 62.25)"
1,"(1, 99.8)","(1, 99.93)","(1, 99.78)","(1, 99.64)","(1, 99.23)","(1, 100.0)","(1, 100.0)","(1, 100.0)"
0,,,,,,,,
0,,,,,,,,
0,,,,,,,,
0,,,,,,,,
1,"(1, 66.89)","(1, 91.2)","(1, 77.04)","(1, 80.65)","(0, 85.22)","(0, 99.98)","(0, 100.0)","(0, 99.99)"
0,,,,,,,,
0,,,,,,,,
0,,,,,,,,
1,"(1, 100.0)","(1, 100.0)","(1, 100.0)","(1, 99.99)","(1, 100.0)","(1, 100.0)","(1, 100.0)","(1, 100.0)"
0,,,,,,,,
1,"(0, 60.7)","(1, 73.69)","(0, 76.19)","(1, 68.62)","(0, 68.25)","(0, 79.12)","(0, 99.89)","(1, 55.64)"
0,,,,,,,,
1,"(1, 100.0)","(1, 100.0)","(1, 100.0)","(1, 100.0)","(1, 100.0)","(1, 99.99)","(1, 100.0)","(1, 100.0)"
1,"(0, 99.7)","(0, 99.75)","(0, 97.07)","(1, 77.51)","(0, 99.98)","(0, 99.18)","(0, 96.98)","(0, 87.98)"
0,,,,,,,,
1,"(1, 97.29)","(0, 61.42)","(1, 82.01)","(0, 97.92)","(1, 99.81)","(1, 100.0)","(1, 100.0)","(1, 99.98)"
0,,,,,,,,
1,"(1, 99.96)","(1, 99.78)","(1, 99.93)","(1, 98.2)","(1, 92.39)","(1, 99.99)","(1, 88.08)","(1, 56.21)"
1,"(1, 99.22)","(1, 99.99)","(1, 100.0)","(1, 100.0)","(1, 100.0)","(1, 100.0)","(1, 100.0)","(1, 100.0)"
0,,,,,,,,
1,"(1, 32.08)","(0, 91.48)","(0, 91.49)","(0, 95.79)","(1, 52.98)","(1, 99.93)","(1, 99.96)","(1, 77.73)"
1,"(1, 100.0)","(1, 100.0)","(1, 100.0)","(1, 100.0)","(1, 100.0)","(1, 100.0)","(1, 100.0)","(1, 100.0)"
1,"(1, 99.33)","(1, 99.78)","(1, 99.97)","(1, 62.24)","(1, 99.95)","(1, 100.0)","(1, 100.0)","(1, 100.0)"
1,"(1, 100.0)","(1, 100.0)","(1, 100.0)","(1, 100.0)","(1, 100.0)","(1, 100.0)","(1, 100.0)","(1, 100.0)"
1,"(1, 100.0)","(1, 100.0)","(1, 100.0)","(1, 100.0)","(1, 99.96)","(1, 99.99)","(1, 100.0)","(1, 99.98)"
1,"(1, 100.0)","(1, 100.0)","(1, 100.0)","(1, 100.0)","(1, 100.0)","(1, 100.0)","(1, 100.0)","(1, 100.0)"
1,"(1, 100.0)","(1, 100.0)","(1, 100.0)","(1, 100.0)","(1, 100.0)","(1, 100.0)","(1, 100.0)","(1, 100.0)"
0,,,,,,,,
0,,,,,,,,
1,"(1, 99.68)","(1, 99.94)","(1, 99.94)","(1, 95.2)","(1, 93.89)","(1, 80.98)","(1, 100.0)","(1, 99.52)"
0,,,,,,,,
1,"(1, 100.0)","(1, 100.0)","(1, 100.0)","(1, 100.0)","(1, 100.0)","(1, 100.0)","(1, 100.0)","(1, 100.0)"
1,"(1, 100.0)","(1, 100.0)","(1, 100.0)","(1, 100.0)","(1, 100.0)","(1, 100.0)","(1, 100.0)","(1, 100.0)"
1,"(1, 99.72)","(1, 99.95)","(1, 99.91)","(1, 99.98)","(1, 99.33)","(1, 100.0)","(1, 100.0)","(1, 100.0)"
1,"(1, 100.0)","(1, 100.0)","(1, 100.0)","(1, 100.0)","(1, 100.0)","(1, 100.0)","(1, 100.0)","(1, 100.0)"
1,"(1, 100.0)","(1, 100.0)","(1, 100.0)","(1, 100.0)","(1, 100.0)","(1, 100.0)","(1, 100.0)","(1, 100.0)"
0,,,,,,,,
1,"(1, 100.0)","(1, 100.0)","(1, 100.0)","(1, 100.0)","(1, 100.0)","(1, 100.0)","(1, 100.0)","(1, 100.0)"
1,"(1, 100.0)","(1, 100.0)","(1, 100.0)","(1, 100.0)","(1, 100.0)","(1, 100.0)","(1, 100.0)","(1, 100.0)"
1,"(1, 100.0)","(1, 100.0)","(1, 100.0)","(1, 100.0)","(1, 99.99)","(1, 100.0)","(1, 100.0)","(1, 100.0)"
1,"(0, 67.91)","(1, 94.64)","(0, 95.25)","(1, 98.74)","(0, 96.68)","(1, 73.06)","(0, 70.57)","(1, 99.53)"
1,"(1, 100.0)","(1, 100.0)","(1, 100.0)","(1, 100.0)","(1, 100.0)","(1, 100.0)","(1, 100.0)","(1, 100.0)"
0,,,,,,,,
1,"(1, 100.0)","(1, 100.0)","(1, 100.0)","(1, 100.0)","(1, 100.0)","(1, 100.0)","(1, 100.0)","(1, 100.0)"
1,"(1, 100.0)","(1, 100.0)","(1, 100.0)","(1, 100.0)","(1, 100.0)","(1, 100.0)","(1, 100.0)","(1, 100.0)"
1,"(1, 99.94)","(1, 99.99)","(1, 99.99)","(1, 100.0)","(1, 99.99)","(1, 99.99)","(1, 100.0)","(1, 100.0)"
1,"(1, 100.0)","(1, 100.0)","(1, 100.0)","(1, 99.99)","(1, 100.0)","(1, 100.0)","(1, 100.0)","(1, 100.0)"
1,"(1, 99.99)","(1, 99.98)","(1, 99.98)","(1, 99.98)","(1, 99.92)","(1, 99.87)","(1, 99.98)","(1, 99.96)"
1,"(1, 99.98)","(1, 99.89)","(1, 99.98)","(1, 99.6)","(1, 99.9)","(1, 97.63)","(1, 100.0)","(1, 100.0)"
0,,,,,,,,
0,,,,,,,,
0,,,,,,,,
0,,,,,,,,
0,,,,,,,,
1,"(1, 100.0)","(1, 100.0)","(1, 100.0)","(1, 100.0)","(1, 99.98)","(1, 100.0)","(1, 100.0)","(1, 100.0)"
0,,,,,,,,
0,,,,,,,,
0,,,,,,,,
1,"(1, 100.0)","(1, 100.0)","(1, 100.0)","(1, 100.0)","(1, 100.0)","(1, 100.0)","(1, 100.0)","(1, 100.0)"
0,,,,,,,,
1,"(1, 100.0)","(1, 100.0)","(1, 100.0)","(1, 100.0)","(1, 100.0)","(1, 100.0)","(1, 100.0)","(1, 100.0)"
1,"(1, 100.0)","(1, 100.0)","(1, 100.0)","(1, 100.0)","(1, 100.0)","(1, 100.0)","(1, 100.0)","(1, 100.0)"
1,"(1, 100.0)","(1, 100.0)","(1, 100.0)","(1, 100.0)","(1, 100.0)","(1, 100.0)","(1, 100.0)","(1, 100.0)"
1,"(1, 100.0)","(1, 100.0)","(1, 100.0)","(1, 100.0)","(1, 99.99)","(1, 100.0)","(1, 100.0)","(1, 100.0)"
1,"(1, 100.0)","(1, 100.0)","(1, 100.0)","(1, 100.0)","(1, 100.0)","(1, 100.0)","(1, 100.0)","(1, 100.0)"
1,"(1, 100.0)","(1, 100.0)","(1, 100.0)","(1, 100.0)","(1, 100.0)","(1, 100.0)","(1, 100.0)","(1, 100.0)"
0,,,,,,,,
1,"(1, 99.97)","(1, 99.89)","(1, 99.96)","(1, 99.81)","(1, 98.39)","(1, 100.0)","(1, 100.0)","(1, 100.0)"
0,,,,,,,,
1,"(1, 99.91)","(1, 97.69)","(1, 71.7)","(1, 76.96)","(1, 96.34)","(1, 99.97)","(1, 99.99)","(1, 100.0)"
1,"(1, 100.0)","(1, 100.0)","(1, 100.0)","(1, 100.0)","(1, 100.0)","(1, 100.0)","(1, 100.0)","(1, 100.0)"
1,"(1, 100.0)","(1, 100.0)","(1, 100.0)","(1, 100.0)","(1, 100.0)","(1, 100.0)","(1, 100.0)","(1, 100.0)"
1,"(1, 100.0)","(1, 100.0)","(1, 100.0)","(1, 100.0)","(1, 100.0)","(1, 100.0)","(1, 100.0)","(1, 100.0)"
1,"(1, 100.0)","(1, 100.0)","(1, 100.0)","(1, 100.0)","(1, 99.99)","(1, 99.99)","(1, 100.0)","(1, 100.0)"
1,"(1, 100.0)","(1, 100.0)","(1, 100.0)","(1, 100.0)","(1, 100.0)","(1, 100.0)","(1, 100.0)","(1, 100.0)"
1,"(1, 100.0)","(1, 100.0)","(1, 100.0)","(1, 100.0)","(1, 100.0)","(1, 100.0)","(1, 100.0)","(1, 100.0)"
1,"(1, 100.0)","(1, 100.0)","(1, 100.0)","(1, 100.0)","(1, 100.0)","(1, 100.0)","(1, 100.0)","(1, 100.0)"
1,"(1, 100.0)","(1, 100.0)","(1, 100.0)","(1, 100.0)","(1, 100.0)","(1, 100.0)","(1, 100.0)","(1, 100.0)"
1,"(1, 99.99)","(1, 100.0)","(1, 100.0)","(1, 100.0)","(1, 100.0)","(1, 100.0)","(1, 100.0)","(1, 100.0)"
1,"(1, 99.99)","(1, 99.99)","(1, 100.0)","(0, 100.0)","(1, 100.0)","(1, 100.0)","(1, 100.0)","(0, 100.0)"
1,"(1, 100.0)","(1, 100.0)","(1, 100.0)","(1, 100.0)","(1, 100.0)","(1, 100.0)","(1, 100.0)","(1, 100.0)"
1,"(1, 100.0)","(1, 100.0)","(1, 100.0)","(1, 100.0)","(1, 100.0)","(1, 100.0)","(1, 100.0)","(1, 100.0)"
1,"(1, 97.07)","(1, 85.19)","(1, 77.73)","(0, 88.07)","(0, 85.19)","(0, 100.0)","(0, 100.0)","(0, 99.24)"
1,"(1, 99.96)","(1, 99.92)","(1, 100.0)","(1, 99.98)","(1, 99.99)","(1, 100.0)","(1, 100.0)","(1, 100.0)"
1,"(1, 99.99)","(1, 99.94)","(1, 99.99)","(1, 100.0)","(1, 100.0)","(1, 100.0)","(1, 100.0)","(1, 100.0)"
1,"(1, 100.0)","(1, 100.0)","(1, 100.0)","(1, 100.0)","(1, 100.0)","(1, 100.0)","(1, 100.0)","(1, 100.0)"
1,"(1, 100.0)","(1, 100.0)","(1, 100.0)","(1, 100.0)","(1, 100.0)","(1, 100.0)","(1, 100.0)","(1, 100.0)"
0,,,,,,,,
1,"(1, 100.0)","(1, 100.0)","(1, 100.0)","(1, 100.0)","(1, 100.0)","(1, 100.0)","(1, 100.0)","(1, 100.0)"
1,"(1, 100.0)","(1, 100.0)","(1, 100.0)","(1, 100.0)","(1, 100.0)","(1, 100.0)","(1, 100.0)","(1, 100.0)"
1,"(1, 99.99)","(1, 99.99)","(1, 99.96)","(1, 99.75)","(1, 99.14)","(1, 100.0)","(1, 100.0)","(1, 99.99)"
0,,,,,,,,
0,,,,,,,,
0,,,,,,,,
1,"(0, 94.31)","(0, 95.78)","(1, 78.32)","(0, 97.41)","(0, 99.6)","(0, 99.91)","(0, 100.0)","(0, 99.91)"
0,,,,,,,,
0,,,,,,,,
0,,,,,,,,
1,"(1, 100.0)","(1, 100.0)","(1, 100.0)","(1, 100.0)","(1, 100.0)","(1, 100.0)","(1, 100.0)","(1, 100.0)"
0,,,,,,,,
0,,,,,,,,
1,"(1, 89.87)","(1, 61.59)","(1, 76.75)","(0, 99.03)","(0, 91.02)","(0, 99.96)","(0, 99.87)","(0, 85.84)"
1,"(0, 68.31)","(0, 48.04)","(0, 66.6)","(0, 58.37)","(1, 53.31)","(1, 90.91)","(1, 99.99)","(0, 47.67)"
1,"(0, 99.99)","(0, 99.99)","(0, 99.98)","(0, 98.9)","(1, 77.66)","(1, 99.94)","(1, 100.0)","(1, 99.98)"
1,"(1, 99.96)","(1, 99.98)","(1, 100.0)","(1, 98.82)","(1, 99.98)","(1, 100.0)","(1, 100.0)","(1, 100.0)"
0,,,,,,,,
1,"(1, 100.0)","(1, 100.0)","(1, 100.0)","(1, 100.0)","(1, 99.99)","(1, 100.0)","(1, 100.0)","(1, 100.0)"
1,"(1, 99.99)","(1, 100.0)","(1, 100.0)","(1, 100.0)","(1, 100.0)","(1, 100.0)","(1, 100.0)","(1, 100.0)"
1,"(1, 100.0)","(1, 100.0)","(1, 100.0)","(1, 100.0)","(1, 100.0)","(1, 100.0)","(1, 100.0)","(1, 100.0)"
0,,,,,,,,
0,,,,,,,,
0,,,,,,,,
1,"(1, 100.0)","(1, 100.0)","(1, 100.0)","(1, 100.0)","(1, 100.0)","(1, 100.0)","(1, 100.0)","(1, 100.0)"
1,"(1, 100.0)","(1, 100.0)","(1, 100.0)","(1, 100.0)","(1, 100.0)","(1, 100.0)","(1, 100.0)","(1, 100.0)"
1,"(1, 100.0)","(1, 100.0)","(1, 100.0)","(1, 100.0)","(1, 100.0)","(1, 100.0)","(1, 100.0)","(1, 100.0)"
0,,,,,,,,
1,"(1, 100.0)","(1, 100.0)","(1, 100.0)","(1, 100.0)","(1, 100.0)","(1, 100.0)","(1, 100.0)","(1, 100.0)"
1,"(1, 100.0)","(1, 100.0)","(1, 100.0)","(1, 100.0)","(1, 100.0)","(1, 100.0)","(1, 100.0)","(1, 99.99)"
0,,,,,,,,
0,,,,,,,,
1,"(1, 100.0)","(1, 100.0)","(1, 100.0)","(1, 100.0)","(1, 100.0)","(1, 100.0)","(1, 100.0)","(1, 100.0)"
0,,,,,,,,
0,,,,,,,,
0,,,,,,,,
0,,,,,,,,
0,,,,,,,,
0,,,,,,,,
0,,,,,,,,
0,,,,,,,,
0,,,,,,,,
0,,,,,,,,
0,,,,,,,,
1,"(1, 100.0)","(1, 100.0)","(1, 100.0)","(1, 100.0)","(1, 100.0)","(1, 100.0)","(1, 100.0)","(1, 100.0)"
0,,,,,,,,
0,,,,,,,,
0,,,,,,,,
1,"(1, 100.0)","(1, 100.0)","(1, 100.0)","(1, 100.0)","(1, 100.0)","(1, 100.0)","(1, 100.0)","(1, 100.0)"
1,"(1, 100.0)","(1, 99.99)","(1, 99.99)","(1, 99.99)","(1, 99.98)","(1, 99.29)","(1, 100.0)","(1, 100.0)"
1,"(1, 99.14)","(1, 99.99)","(1, 99.97)","(1, 99.75)","(1, 99.97)","(1, 100.0)","(1, 100.0)","(1, 100.0)"
1,"(1, 99.99)","(1, 100.0)","(1, 100.0)","(1, 99.99)","(1, 99.99)","(1, 99.99)","(0, 100.0)","(1, 100.0)"
1,"(1, 99.99)","(1, 100.0)","(1, 100.0)","(1, 100.0)","(1, 100.0)","(1, 100.0)","(1, 100.0)","(1, 100.0)"
1,"(1, 100.0)","(1, 100.0)","(1, 100.0)","(1, 100.0)","(1, 99.99)","(1, 100.0)","(1, 100.0)","(1, 100.0)"
1,"(1, 100.0)","(1, 100.0)","(1, 100.0)","(1, 100.0)","(1, 100.0)","(1, 99.99)","(1, 100.0)","(1, 100.0)"
1,"(1, 100.0)","(1, 100.0)","(1, 100.0)","(1, 100.0)","(1, 100.0)","(1, 100.0)","(1, 100.0)","(1, 100.0)"
0,,,,,,,,
1,"(1, 100.0)","(1, 100.0)","(1, 100.0)","(1, 100.0)","(1, 99.99)","(1, 100.0)","(1, 100.0)","(1, 99.99)"
1,"(1, 99.98)","(1, 100.0)","(1, 100.0)","(1, 100.0)","(1, 100.0)","(1, 100.0)","(1, 100.0)","(1, 100.0)"
0,,,,,,,,
1,"(1, 100.0)","(1, 100.0)","(1, 100.0)","(1, 100.0)","(1, 100.0)","(1, 100.0)","(1, 100.0)","(1, 100.0)"
0,,,,,,,,
1,"(1, 98.72)","(1, 91.43)","(1, 98.52)","(1, 98.66)","(1, 98.96)","(1, 99.98)","(1, 100.0)","(1, 99.99)"
1,"(1, 100.0)","(1, 100.0)","(1, 100.0)","(1, 100.0)","(1, 100.0)","(1, 100.0)","(1, 100.0)","(1, 100.0)"
1,"(1, 99.99)","(1, 99.99)","(1, 100.0)","(1, 99.99)","(1, 100.0)","(1, 100.0)","(1, 100.0)","(1, 100.0)"
1,"(1, 99.99)","(1, 100.0)","(1, 100.0)","(1, 100.0)","(1, 100.0)","(1, 100.0)","(1, 100.0)","(1, 100.0)"
1,"(1, 100.0)","(1, 100.0)","(1, 100.0)","(1, 100.0)","(1, 100.0)","(1, 100.0)","(1, 100.0)","(1, 100.0)"
1,"(1, 100.0)","(1, 100.0)","(1, 100.0)","(1, 100.0)","(1, 100.0)","(1, 100.0)","(1, 100.0)","(1, 100.0)"
1,"(1, 100.0)","(1, 100.0)","(1, 100.0)","(1, 100.0)","(1, 100.0)","(1, 100.0)","(1, 100.0)","(1, 100.0)"
0,,,,,,,,
0,,,,,,,,
1,"(1, 100.0)","(1, 100.0)","(1, 100.0)","(1, 100.0)","(1, 100.0)","(1, 100.0)","(1, 100.0)","(1, 100.0)"
1,"(1, 100.0)","(1, 100.0)","(1, 100.0)","(1, 100.0)","(1, 100.0)","(1, 100.0)","(1, 100.0)","(1, 100.0)"
1,"(1, 100.0)","(1, 100.0)","(1, 100.0)","(1, 100.0)","(1, 100.0)","(1, 100.0)","(1, 100.0)","(1, 100.0)"
1,"(1, 93.24)","(1, 67.91)","(1, 56.22)","(0, 93.92)","(1, 99.81)","(1, 100.0)","(1, 98.41)","(1, 77.73)"
1,"(1, 100.0)","(1, 100.0)","(1, 100.0)","(1, 100.0)","(1, 100.0)","(1, 100.0)","(1, 100.0)","(1, 100.0)"
1,"(1, 100.0)","(1, 100.0)","(1, 100.0)","(1, 100.0)","(1, 100.0)","(1, 100.0)","(1, 100.0)","(1, 100.0)"
1,"(1, 99.99)","(1, 100.0)","(1, 100.0)","(1, 100.0)","(1, 100.0)","(1, 99.99)","(1, 100.0)","(1, 100.0)"
0,,,,,,,,
0,,,,,,,,
1,"(1, 100.0)","(1, 100.0)","(1, 100.0)","(1, 100.0)","(1, 100.0)","(1, 100.0)","(1, 100.0)","(1, 100.0)"
1,"(1, 100.0)","(1, 100.0)","(1, 100.0)","(1, 100.0)","(1, 100.0)","(1, 100.0)","(1, 100.0)","(1, 100.0)"
1,"(1, 99.99)","(1, 99.99)","(1, 100.0)","(1, 100.0)","(1, 99.99)","(1, 100.0)","(1, 100.0)","(0, 100.0)"
0,,,,,,,,
0,,,,,,,,
1,"(1, 100.0)","(1, 100.0)","(1, 100.0)","(1, 99.98)","(1, 99.96)","(1, 100.0)","(1, 100.0)","(1, 100.0)"
0,,,,,,,,
1,"(0, 75.2)","(1, 75.8)","(0, 62.29)","(1, 72.12)","(1, 52.11)","(1, 52.23)","(1, 99.34)","(1, 42.08)"
1,"(1, 100.0)","(0, 100.0)","(0, 100.0)","(0, 100.0)","(0, 99.98)","(0, 99.99)","(0, 100.0)","(0, 99.99)"
0,,,,,,,,
1,"(0, 77.92)","(1, 89.89)","(1, 75.46)","(0, 67.86)","(1, 85.18)","(1, 99.99)","(1, 100.0)","(1, 99.87)"
0,,,,,,,,
1,"(1, 100.0)","(1, 100.0)","(1, 100.0)","(1, 100.0)","(1, 100.0)","(1, 100.0)","(1, 100.0)","(1, 100.0)"
1,"(1, 100.0)","(1, 100.0)","(1, 100.0)","(1, 100.0)","(1, 100.0)","(1, 100.0)","(1, 100.0)","(1, 100.0)"
1,"(1, 100.0)","(1, 100.0)","(1, 100.0)","(1, 100.0)","(1, 100.0)","(1, 100.0)","(1, 100.0)","(1, 100.0)"
1,"(1, 99.89)","(1, 99.99)","(1, 100.0)","(1, 99.88)","(1, 99.95)","(1, 100.0)","(1, 100.0)","(1, 99.99)"
1,"(1, 100.0)","(1, 99.99)","(1, 100.0)","(1, 99.98)","(1, 99.82)","(1, 100.0)","(1, 100.0)","(1, 100.0)"
1,"(1, 100.0)","(1, 100.0)","(1, 100.0)","(1, 100.0)","(1, 100.0)","(1, 100.0)","(1, 100.0)","(1, 100.0)"
1,"(1, 100.0)","(1, 100.0)","(1, 100.0)","(1, 100.0)","(1, 100.0)","(1, 100.0)","(1, 100.0)","(1, 100.0)"
1,"(1, 100.0)","(1, 100.0)","(1, 100.0)","(1, 100.0)","(1, 100.0)","(1, 100.0)","(1, 100.0)","(1, 100.0)"
1,"(1, 100.0)","(1, 100.0)","(1, 100.0)","(1, 100.0)","(1, 100.0)","(1, 100.0)","(1, 100.0)","(1, 100.0)"
1,"(1, 100.0)","(1, 100.0)","(1, 100.0)","(1, 100.0)","(1, 100.0)","(1, 100.0)","(1, 100.0)","(1, 100.0)"
1,"(1, 100.0)","(1, 100.0)","(1, 100.0)","(1, 100.0)","(1, 100.0)","(1, 100.0)","(1, 100.0)","(1, 100.0)"
1,"(1, 100.0)","(1, 100.0)","(1, 100.0)","(1, 100.0)","(1, 100.0)","(1, 100.0)","(1, 100.0)","(1, 100.0)"
1,"(1, 99.85)","(1, 99.31)","(1, 99.12)","(1, 98.9)","(1, 90.45)","(1, 98.65)","(1, 100.0)","(1, 100.0)"
1,"(1, 99.85)","(1, 99.88)","(1, 99.99)","(1, 93.98)","(1, 96.26)","(1, 100.0)","(1, 100.0)","(1, 100.0)"
1,"(1, 100.0)","(1, 100.0)","(1, 100.0)","(1, 100.0)","(1, 100.0)","(1, 100.0)","(1, 100.0)","(1, 100.0)"
1,"(1, 100.0)","(1, 100.0)","(1, 100.0)","(1, 100.0)","(1, 100.0)","(1, 100.0)","(1, 100.0)","(1, 100.0)"
1,"(1, 100.0)","(1, 100.0)","(1, 100.0)","(1, 100.0)","(1, 100.0)","(1, 100.0)","(1, 100.0)","(1, 100.0)"
1,"(1, 99.99)","(1, 100.0)","(1, 100.0)","(1, 100.0)","(1, 100.0)","(1, 99.99)","(1, 100.0)","(1, 100.0)"
1,"(1, 100.0)","(1, 100.0)","(1, 100.0)","(1, 100.0)","(1, 100.0)","(1, 100.0)","(1, 100.0)","(1, 100.0)"
1,"(1, 99.98)","(1, 100.0)","(1, 100.0)","(1, 100.0)","(1, 100.0)","(1, 100.0)","(1, 100.0)","(1, 100.0)"
1,"(1, 99.97)","(1, 100.0)","(1, 100.0)","(1, 100.0)","(1, 99.99)","(1, 96.62)","(1, 73.09)","(1, 81.66)"
1,"(1, 99.96)","(1, 99.81)","(1, 100.0)","(1, 98.41)","(1, 99.95)","(1, 100.0)","(1, 100.0)","(1, 100.0)"
1,"(1, 100.0)","(1, 100.0)","(1, 100.0)","(1, 100.0)","(1, 100.0)","(1, 100.0)","(1, 100.0)","(1, 100.0)"
1,"(1, 100.0)","(1, 99.99)","(1, 100.0)","(1, 100.0)","(1, 99.99)","(1, 99.98)","(1, 100.0)","(1, 100.0)"
1,"(1, 100.0)","(1, 100.0)","(1, 100.0)","(1, 100.0)","(1, 100.0)","(1, 100.0)","(1, 100.0)","(1, 100.0)"
1,"(1, 100.0)","(1, 100.0)","(1, 100.0)","(1, 100.0)","(1, 100.0)","(1, 100.0)","(1, 100.0)","(1, 100.0)"
1,"(1, 99.99)","(1, 99.75)","(1, 99.78)","(1, 86.7)","(1, 99.33)","(1, 93.2)","(1, 100.0)","(1, 99.93)"
1,"(1, 99.91)","(1, 98.3)","(1, 93.76)","(1, 99.54)","(1, 97.64)","(1, 100.0)","(1, 100.0)","(1, 100.0)"
1,"(1, 100.0)","(1, 100.0)","(1, 100.0)","(1, 100.0)","(1, 100.0)","(1, 100.0)","(1, 100.0)","(1, 100.0)"
1,"(1, 100.0)","(1, 100.0)","(1, 100.0)","(1, 100.0)","(1, 100.0)","(1, 100.0)","(1, 100.0)","(1, 100.0)"
0,,,,,,,,
0,,,,,,,,
1,"(1, 100.0)","(1, 100.0)","(1, 100.0)","(1, 100.0)","(1, 100.0)","(1, 100.0)","(1, 100.0)","(1, 100.0)"
1,"(1, 99.97)","(1, 100.0)","(1, 100.0)","(1, 100.0)","(1, 99.99)","(1, 100.0)","(1, 100.0)","(1, 100.0)"
1,"(1, 100.0)","(1, 100.0)","(1, 100.0)","(1, 100.0)","(1, 100.0)","(1, 100.0)","(1, 100.0)","(1, 100.0)"
1,"(1, 100.0)","(1, 100.0)","(1, 100.0)","(1, 100.0)","(1, 100.0)","(1, 100.0)","(1, 100.0)","(1, 100.0)"
1,"(1, 99.99)","(1, 100.0)","(1, 100.0)","(1, 100.0)","(1, 100.0)","(1, 100.0)","(1, 100.0)","(1, 100.0)"
0,,,,,,,,
0,,,,,,,,
1,"(1, 100.0)","(1, 99.99)","(1, 100.0)","(1, 100.0)","(1, 99.88)","(1, 99.9)","(1, 100.0)","(1, 100.0)"
1,"(1, 100.0)","(1, 100.0)","(1, 100.0)","(1, 100.0)","(1, 100.0)","(1, 100.0)","(1, 100.0)","(1, 100.0)"
0,,,,,,,,
0,,,,,,,,
1,"(1, 100.0)","(1, 100.0)","(1, 100.0)","(1, 100.0)","(1, 100.0)","(1, 100.0)","(1, 100.0)","(1, 100.0)"
0,,,,,,,,
0,,,,,,,,
1,"(1, 100.0)","(1, 100.0)","(1, 100.0)","(1, 100.0)","(1, 100.0)","(1, 100.0)","(1, 100.0)","(1, 100.0)"
1,"(1, 100.0)","(1, 100.0)","(1, 100.0)","(1, 100.0)","(1, 100.0)","(1, 100.0)","(1, 100.0)","(1, 100.0)"
1,"(1, 100.0)","(1, 100.0)","(1, 100.0)","(1, 100.0)","(1, 100.0)","(1, 100.0)","(1, 100.0)","(1, 100.0)"
1,"(1, 100.0)","(1, 100.0)","(1, 100.0)","(1, 100.0)","(1, 100.0)","(1, 100.0)","(1, 100.0)","(1, 100.0)"
1,"(1, 100.0)","(1, 100.0)","(1, 100.0)","(1, 100.0)","(1, 100.0)","(1, 100.0)","(1, 100.0)","(1, 100.0)"
1,"(1, 100.0)","(1, 100.0)","(1, 100.0)","(1, 100.0)","(1, 100.0)","(1, 100.0)","(1, 100.0)","(1, 100.0)"
1,"(1, 100.0)","(1, 100.0)","(1, 100.0)","(1, 100.0)","(1, 99.99)","(1, 100.0)","(1, 100.0)","(1, 100.0)"
0,,,,,,,,
1,"(1, 100.0)","(1, 100.0)","(1, 100.0)","(1, 100.0)","(1, 100.0)","(1, 100.0)","(1, 100.0)","(1, 100.0)"
1,"(1, 100.0)","(1, 100.0)","(1, 100.0)","(1, 100.0)","(1, 100.0)","(1, 100.0)","(1, 100.0)","(1, 100.0)"
1,"(1, 100.0)","(1, 100.0)","(1, 100.0)","(1, 100.0)","(1, 100.0)","(1, 100.0)","(1, 100.0)","(1, 100.0)"
1,"(1, 99.96)","(1, 99.88)","(1, 99.96)","(1, 99.98)","(1, 99.98)","(1, 100.0)","(1, 100.0)","(1, 100.0)"
1,"(1, 92.41)","(1, 77.73)","(1, 53.12)","(0, 43.78)","(1, 98.76)","(1, 100.0)","(1, 100.0)","(1, 99.88)"
1,"(1, 100.0)","(1, 100.0)","(1, 100.0)","(1, 100.0)","(1, 100.0)","(1, 100.0)","(1, 100.0)","(1, 100.0)"
1,"(1, 100.0)","(1, 100.0)","(1, 100.0)","(1, 100.0)","(1, 100.0)","(1, 100.0)","(1, 100.0)","(1, 100.0)"
0,,,,,,,,
1,"(1, 100.0)","(1, 100.0)","(1, 100.0)","(1, 100.0)","(1, 100.0)","(1, 100.0)","(1, 100.0)","(1, 100.0)"
0,,,,,,,,
1,"(1, 100.0)","(1, 100.0)","(1, 100.0)","(1, 100.0)","(1, 100.0)","(1, 100.0)","(1, 100.0)","(1, 100.0)"
0,,,,,,,,
1,"(1, 100.0)","(1, 100.0)","(1, 100.0)","(1, 100.0)","(1, 100.0)","(1, 100.0)","(1, 100.0)","(1, 100.0)"
0,,,,,,,,
1,"(1, 99.99)","(1, 100.0)","(1, 100.0)","(1, 99.99)","(1, 99.99)","(1, 100.0)","(1, 100.0)","(1, 100.0)"
1,"(1, 90.42)","(1, 93.23)","(1, 99.91)","(1, 46.85)","(1, 53.1)","(1, 99.99)","(1, 100.0)","(1, 100.0)"
1,"(1, 92.25)","(0, 81.2)","(0, 84.54)","(0, 67.6)","(1, 95.95)","(1, 99.95)","(1, 100.0)","(1, 99.98)"
1,"(0, 83.48)","(0, 99.32)","(0, 97.81)","(0, 94.4)","(0, 91.21)","(0, 67.26)","(0, 98.15)","(0, 99.93)"
0,,,,,,,,
1,"(1, 100.0)","(1, 100.0)","(1, 100.0)","(1, 100.0)","(1, 100.0)","(1, 100.0)","(1, 100.0)","(1, 100.0)"
0,,,,,,,,
1,"(1, 99.97)","(1, 99.99)","(1, 100.0)","(1, 99.99)","(1, 99.84)","(1, 100.0)","(1, 100.0)","(1, 100.0)"
0,,,,,,,,
0,,,,,,,,
1,"(1, 100.0)","(1, 100.0)","(1, 100.0)","(1, 100.0)","(1, 100.0)","(1, 100.0)","(1, 100.0)","(1, 100.0)"
1,"(1, 100.0)","(1, 100.0)","(1, 100.0)","(1, 100.0)","(1, 100.0)","(1, 100.0)","(1, 100.0)","(1, 100.0)"
1,"(1, 100.0)","(1, 100.0)","(1, 100.0)","(1, 100.0)","(1, 100.0)","(1, 100.0)","(1, 100.0)","(1, 100.0)"
1,"(1, 100.0)","(1, 100.0)","(1, 100.0)","(1, 99.4)","(1, 99.93)","(1, 99.99)","(1, 100.0)","(1, 100.0)"
1,"(1, 99.99)","(1, 100.0)","(1, 100.0)","(1, 100.0)","(1, 100.0)","(1, 99.98)","(1, 100.0)","(1, 100.0)"
1,"(1, 100.0)","(1, 100.0)","(1, 100.0)","(1, 100.0)","(1, 99.99)","(1, 100.0)","(1, 100.0)","(1, 100.0)"
1,"(1, 100.0)","(1, 100.0)","(1, 100.0)","(1, 100.0)","(1, 100.0)","(1, 100.0)","(1, 100.0)","(1, 100.0)"
1,"(1, 100.0)","(1, 100.0)","(1, 100.0)","(1, 100.0)","(1, 100.0)","(1, 100.0)","(1, 100.0)","(1, 100.0)"
1,"(1, 100.0)","(1, 100.0)","(1, 100.0)","(1, 100.0)","(1, 100.0)","(1, 100.0)","(1, 100.0)","(1, 100.0)"
1,"(1, 99.99)","(1, 100.0)","(1, 100.0)","(1, 99.96)","(1, 100.0)","(1, 100.0)","(1, 100.0)","(1, 100.0)"
1,"(1, 100.0)","(1, 100.0)","(1, 100.0)","(1, 100.0)","(1, 100.0)","(1, 100.0)","(1, 100.0)","(1, 100.0)"
1,"(1, 99.99)","(1, 100.0)","(1, 100.0)","(1, 100.0)","(1, 100.0)","(1, 100.0)","(1, 100.0)","(1, 100.0)"
1,"(1, 100.0)","(1, 100.0)","(1, 100.0)","(1, 100.0)","(1, 100.0)","(1, 100.0)","(1, 100.0)","(1, 100.0)"
1,"(1, 100.0)","(1, 100.0)","(1, 100.0)","(1, 100.0)","(1, 100.0)","(1, 100.0)","(1, 100.0)","(1, 100.0)"
1,"(1, 100.0)","(1, 100.0)","(1, 100.0)","(1, 100.0)","(1, 100.0)","(1, 100.0)","(1, 100.0)","(1, 100.0)"
1,"(1, 100.0)","(1, 100.0)","(1, 100.0)","(1, 100.0)","(1, 100.0)","(1, 100.0)","(1, 100.0)","(1, 100.0)"
1,"(1, 97.4)","(1, 97.7)","(1, 85.2)","(0, 95.79)","(1, 99.97)","(1, 99.97)","(0, 81.76)","(1, 99.33)"
1,"(1, 100.0)","(1, 100.0)","(1, 100.0)","(1, 100.0)","(1, 100.0)","(1, 100.0)","(1, 100.0)","(1, 100.0)"
1,"(1, 99.99)","(1, 100.0)","(1, 100.0)","(1, 100.0)","(1, 100.0)","(1, 100.0)","(1, 100.0)","(1, 100.0)"
1,"(1, 99.99)","(1, 100.0)","(1, 100.0)","(1, 99.99)","(1, 99.99)","(1, 99.99)","(1, 100.0)","(1, 99.99)"
1,"(1, 97.07)","(1, 73.1)","(0, 49.99)","(0, 91.49)","(0, 65.13)","(0, 95.26)","(0, 99.99)","(0, 100.0)"
1,"(1, 100.0)","(1, 100.0)","(1, 100.0)","(1, 100.0)","(1, 100.0)","(1, 100.0)","(1, 100.0)","(1, 100.0)"
1,"(1, 100.0)","(1, 100.0)","(1, 100.0)","(1, 100.0)","(1, 100.0)","(1, 100.0)","(1, 100.0)","(1, 100.0)"
1,"(1, 100.0)","(0, 100.0)","(0, 100.0)","(0, 100.0)","(0, 99.99)","(0, 98.39)","(0, 100.0)","(0, 99.99)"
1,"(1, 100.0)","(1, 100.0)","(1, 100.0)","(1, 99.98)","(1, 99.96)","(1, 99.99)","(1, 99.94)","(1, 99.98)"
1,"(1, 100.0)","(1, 100.0)","(1, 100.0)","(1, 100.0)","(1, 100.0)","(1, 100.0)","(1, 100.0)","(1, 100.0)"
1,"(1, 100.0)","(1, 100.0)","(1, 100.0)","(1, 100.0)","(1, 100.0)","(1, 100.0)","(1, 100.0)","(1, 100.0)"
1,"(1, 100.0)","(1, 100.0)","(1, 100.0)","(1, 100.0)","(1, 100.0)","(1, 100.0)","(1, 100.0)","(1, 100.0)"
1,"(1, 100.0)","(1, 100.0)","(1, 100.0)","(1, 100.0)","(1, 100.0)","(1, 100.0)","(1, 100.0)","(1, 100.0)"
0,,,,,,,,
0,,,,,,,,
1,"(1, 99.5)","(1, 99.67)","(1, 99.92)","(1, 99.89)","(1, 99.19)","(1, 99.98)","(1, 100.0)","(1, 97.59)"
0,,,,,,,,
0,,,,,,,,
1,"(1, 100.0)","(1, 100.0)","(1, 100.0)","(1, 100.0)","(1, 100.0)","(1, 100.0)","(1, 100.0)","(1, 100.0)"
1,"(1, 99.99)","(1, 99.98)","(1, 99.99)","(1, 99.97)","(1, 99.96)","(1, 99.99)","(1, 100.0)","(1, 100.0)"
0,,,,,,,,
0,,,,,,,,
1,"(1, 100.0)","(1, 100.0)","(1, 100.0)","(1, 100.0)","(1, 100.0)","(1, 100.0)","(1, 100.0)","(1, 100.0)"
0,,,,,,,,
0,,,,,,,,
0,,,,,,,,
1,"(1, 100.0)","(1, 100.0)","(1, 100.0)","(1, 100.0)","(1, 100.0)","(1, 100.0)","(1, 100.0)","(1, 100.0)"
1,"(1, 100.0)","(1, 100.0)","(1, 100.0)","(1, 100.0)","(1, 100.0)","(1, 100.0)","(1, 100.0)","(1, 100.0)"
1,"(1, 100.0)","(1, 100.0)","(1, 100.0)","(1, 100.0)","(1, 99.99)","(1, 100.0)","(1, 100.0)","(1, 100.0)"
1,"(1, 100.0)","(1, 100.0)","(1, 100.0)","(1, 100.0)","(1, 100.0)","(1, 100.0)","(1, 100.0)","(1, 100.0)"
1,"(1, 100.0)","(1, 100.0)","(1, 100.0)","(1, 100.0)","(1, 100.0)","(1, 100.0)","(1, 100.0)","(1, 100.0)"
1,"(1, 100.0)","(1, 100.0)","(1, 100.0)","(1, 99.98)","(1, 99.99)","(1, 99.99)","(1, 100.0)","(1, 100.0)"
1,"(1, 100.0)","(1, 100.0)","(1, 100.0)","(1, 99.98)","(1, 99.54)","(1, 100.0)","(1, 100.0)","(1, 100.0)"
1,"(1, 100.0)","(1, 100.0)","(1, 100.0)","(1, 100.0)","(1, 100.0)","(1, 100.0)","(1, 100.0)","(1, 100.0)"
1,"(1, 100.0)","(1, 100.0)","(1, 100.0)","(1, 100.0)","(1, 100.0)","(1, 100.0)","(1, 100.0)","(1, 100.0)"
1,"(1, 100.0)","(1, 100.0)","(1, 100.0)","(1, 100.0)","(1, 100.0)","(1, 100.0)","(1, 100.0)","(1, 100.0)"
1,"(1, 100.0)","(1, 100.0)","(1, 100.0)","(1, 100.0)","(1, 99.99)","(1, 100.0)","(1, 100.0)","(1, 100.0)"
1,"(1, 100.0)","(1, 100.0)","(1, 100.0)","(1, 100.0)","(1, 100.0)","(1, 100.0)","(1, 100.0)","(1, 100.0)"
1,"(1, 100.0)","(1, 100.0)","(1, 100.0)","(1, 100.0)","(1, 100.0)","(1, 100.0)","(1, 100.0)","(1, 100.0)"
1,"(0, 72.37)","(1, 97.67)","(1, 99.48)","(1, 99.68)","(1, 99.68)","(1, 99.99)","(1, 100.0)","(1, 100.0)"
0,,,,,,,,
1,"(1, 100.0)","(1, 100.0)","(1, 100.0)","(1, 100.0)","(1, 100.0)","(1, 100.0)","(1, 100.0)","(1, 100.0)"
0,,,,,,,,
1,"(1, 100.0)","(1, 100.0)","(1, 100.0)","(1, 100.0)","(1, 100.0)","(1, 100.0)","(1, 100.0)","(1, 100.0)"
0,,,,,,,,
0,,,,,,,,
0,,,,,,,,
1,"(1, 100.0)","(1, 100.0)","(1, 100.0)","(1, 100.0)","(1, 100.0)","(1, 100.0)","(1, 100.0)","(1, 100.0)"
1,"(1, 100.0)","(1, 100.0)","(1, 100.0)","(1, 99.91)","(1, 99.8)","(1, 100.0)","(1, 100.0)","(1, 100.0)"
1,"(1, 87.98)","(0, 90.19)","(1, 88.04)","(0, 97.14)","(1, 84.21)","(1, 92.41)","(1, 100.0)","(1, 99.98)"
1,"(1, 100.0)","(1, 100.0)","(1, 100.0)","(1, 100.0)","(1, 100.0)","(1, 100.0)","(1, 100.0)","(1, 100.0)"
1,"(1, 100.0)","(1, 100.0)","(1, 100.0)","(1, 99.99)","(1, 99.99)","(1, 100.0)","(1, 100.0)","(1, 100.0)"
1,"(1, 100.0)","(1, 100.0)","(1, 100.0)","(1, 100.0)","(1, 100.0)","(1, 100.0)","(1, 100.0)","(1, 100.0)"
1,"(1, 99.99)","(1, 99.99)","(1, 100.0)","(1, 97.07)","(1, 99.72)","(1, 99.99)","(1, 100.0)","(1, 99.99)"
1,"(1, 100.0)","(1, 100.0)","(1, 100.0)","(1, 100.0)","(1, 100.0)","(1, 100.0)","(1, 100.0)","(1, 100.0)"
1,"(0, 80.68)","(0, 99.45)","(0, 99.8)","(0, 99.7)","(0, 99.92)","(0, 99.96)","(0, 100.0)","(0, 99.96)"
0,,,,,,,,
1,"(1, 99.96)","(1, 100.0)","(1, 100.0)","(1, 100.0)","(1, 100.0)","(1, 99.94)","(1, 99.99)","(1, 99.98)"
1,"(1, 99.97)","(1, 99.97)","(1, 100.0)","(1, 99.97)","(1, 99.92)","(1, 100.0)","(1, 100.0)","(1, 100.0)"
1,"(1, 99.99)","(1, 100.0)","(1, 100.0)","(1, 100.0)","(1, 100.0)","(1, 100.0)","(1, 100.0)","(1, 100.0)"
1,"(1, 100.0)","(1, 100.0)","(1, 100.0)","(1, 100.0)","(1, 100.0)","(1, 100.0)","(1, 100.0)","(1, 100.0)"
1,"(1, 100.0)","(1, 100.0)","(1, 100.0)","(1, 100.0)","(1, 100.0)","(1, 100.0)","(1, 100.0)","(1, 100.0)"
1,"(1, 99.97)","(1, 99.97)","(1, 99.95)","(1, 99.66)","(1, 99.87)","(1, 99.99)","(1, 100.0)","(1, 99.99)"
1,"(1, 100.0)","(1, 100.0)","(1, 100.0)","(1, 100.0)","(1, 100.0)","(1, 99.99)","(1, 100.0)","(1, 100.0)"
1,"(1, 100.0)","(1, 100.0)","(1, 100.0)","(1, 100.0)","(1, 99.99)","(1, 100.0)","(1, 100.0)","(1, 99.99)"
1,"(1, 100.0)","(1, 100.0)","(1, 100.0)","(1, 100.0)","(1, 100.0)","(1, 100.0)","(1, 100.0)","(1, 100.0)"
1,"(1, 100.0)","(1, 100.0)","(1, 100.0)","(1, 100.0)","(1, 100.0)","(1, 100.0)","(1, 100.0)","(1, 100.0)"
1,"(1, 100.0)","(1, 100.0)","(1, 100.0)","(1, 100.0)","(1, 100.0)","(1, 100.0)","(1, 100.0)","(1, 100.0)"
1,"(1, 100.0)","(1, 100.0)","(1, 100.0)","(1, 100.0)","(1, 100.0)","(1, 100.0)","(1, 100.0)","(1, 100.0)"
1,"(1, 100.0)","(1, 100.0)","(1, 100.0)","(1, 100.0)","(1, 100.0)","(1, 100.0)","(1, 100.0)","(1, 100.0)"
1,"(1, 99.99)","(1, 100.0)","(1, 99.99)","(1, 99.98)","(1, 99.98)","(1, 99.98)","(1, 100.0)","(1, 100.0)"
1,"(0, 73.87)","(1, 87.23)","(1, 66.75)","(1, 72.64)","(1, 41.76)","(1, 66.02)","(1, 89.32)","(1, 81.08)"
1,"(1, 100.0)","(1, 100.0)","(1, 99.94)","(1, 99.78)","(0, 56.22)","(1, 50.0)","(1, 100.0)","(1, 99.98)"
1,"(1, 99.78)","(1, 93.99)","(1, 88.08)","(0, 75.48)","(1, 99.71)","(1, 97.06)","(1, 100.0)","(1, 99.75)"
1,"(1, 100.0)","(1, 100.0)","(1, 100.0)","(1, 100.0)","(1, 100.0)","(1, 100.0)","(1, 100.0)","(1, 100.0)"
1,"(1, 100.0)","(1, 100.0)","(1, 100.0)","(1, 100.0)","(1, 100.0)","(1, 100.0)","(1, 100.0)","(1, 100.0)"
1,"(1, 100.0)","(1, 100.0)","(1, 100.0)","(1, 100.0)","(1, 99.99)","(1, 100.0)","(1, 100.0)","(1, 100.0)"
1,"(1, 100.0)","(1, 100.0)","(1, 100.0)","(1, 100.0)","(1, 100.0)","(1, 100.0)","(1, 100.0)","(1, 100.0)"
1,"(1, 99.99)","(1, 99.95)","(1, 98.59)","(1, 99.72)","(1, 83.55)","(1, 100.0)","(1, 100.0)","(1, 100.0)"
1,"(1, 99.99)","(1, 100.0)","(1, 100.0)","(1, 100.0)","(1, 99.99)","(1, 100.0)","(1, 100.0)","(1, 100.0)"
1,"(1, 100.0)","(1, 100.0)","(1, 100.0)","(1, 100.0)","(1, 100.0)","(1, 100.0)","(1, 100.0)","(1, 100.0)"
1,"(1, 100.0)","(1, 100.0)","(1, 100.0)","(1, 100.0)","(1, 100.0)","(1, 100.0)","(1, 100.0)","(1, 100.0)"
1,"(1, 99.48)","(1, 94.12)","(1, 97.53)","(1, 94.47)","(1, 70.32)","(0, 95.73)","(0, 67.86)","(1, 99.63)"
1,"(1, 100.0)","(1, 100.0)","(1, 100.0)","(1, 99.99)","(1, 100.0)","(1, 99.99)","(1, 100.0)","(1, 99.99)"
1,"(1, 100.0)","(1, 100.0)","(1, 100.0)","(1, 100.0)","(1, 100.0)","(1, 100.0)","(1, 100.0)","(1, 100.0)"
1,"(1, 100.0)","(1, 100.0)","(1, 100.0)","(1, 100.0)","(1, 100.0)","(1, 100.0)","(1, 100.0)","(1, 100.0)"
1,"(1, 100.0)","(1, 100.0)","(1, 100.0)","(1, 99.99)","(1, 99.97)","(1, 99.99)","(1, 100.0)","(1, 100.0)"
0,,,,,,,,
1,"(1, 100.0)","(1, 100.0)","(1, 100.0)","(1, 100.0)","(1, 100.0)","(1, 100.0)","(1, 100.0)","(1, 100.0)"
1,"(1, 100.0)","(1, 100.0)","(1, 100.0)","(1, 100.0)","(1, 99.99)","(1, 99.99)","(1, 100.0)","(1, 99.98)"
0,,,,,,,,
0,,,,,,,,
1,"(1, 99.98)","(1, 100.0)","(1, 100.0)","(1, 100.0)","(1, 100.0)","(1, 99.98)","(1, 100.0)","(1, 99.99)"
1,"(1, 100.0)","(1, 100.0)","(1, 100.0)","(1, 100.0)","(1, 100.0)","(1, 100.0)","(1, 100.0)","(1, 100.0)"
1,"(1, 99.99)","(1, 100.0)","(1, 100.0)","(1, 100.0)","(1, 99.99)","(1, 100.0)","(1, 100.0)","(1, 99.98)"
1,"(1, 94.66)","(1, 90.46)","(1, 91.49)","(0, 62.25)","(1, 99.94)","(1, 99.81)","(1, 100.0)","(1, 99.59)"
0,,,,,,,,
1,"(1, 100.0)","(1, 100.0)","(1, 100.0)","(1, 100.0)","(1, 100.0)","(1, 100.0)","(1, 100.0)","(1, 100.0)"
1,"(1, 99.69)","(1, 85.79)","(0, 67.4)","(1, 96.98)","(0, 80.64)","(1, 62.21)","(1, 93.99)","(1, 97.66)"
1,"(1, 99.99)","(1, 99.97)","(1, 99.79)","(1, 99.02)","(0, 93.95)","(1, 99.59)","(1, 99.96)","(1, 96.68)"
1,"(1, 100.0)","(1, 100.0)","(1, 100.0)","(1, 100.0)","(1, 100.0)","(1, 100.0)","(1, 100.0)","(1, 100.0)"
0,,,,,,,,
0,,,,,,,,
1,"(1, 100.0)","(1, 100.0)","(1, 100.0)","(1, 100.0)","(1, 99.96)","(1, 100.0)","(1, 100.0)","(1, 100.0)"
1,"(1, 100.0)","(1, 100.0)","(1, 100.0)","(1, 100.0)","(1, 100.0)","(1, 100.0)","(1, 100.0)","(1, 100.0)"
1,"(1, 99.99)","(1, 99.99)","(1, 99.98)","(1, 99.98)","(1, 100.0)","(1, 100.0)","(1, 100.0)","(1, 100.0)"
1,"(1, 99.98)","(1, 99.98)","(1, 99.99)","(1, 99.96)","(1, 99.74)","(1, 100.0)","(1, 100.0)","(1, 100.0)"
0,,,,,,,,
1,"(1, 100.0)","(1, 100.0)","(1, 100.0)","(1, 100.0)","(1, 99.99)","(1, 99.99)","(1, 100.0)","(1, 100.0)"
1,"(1, 100.0)","(1, 100.0)","(1, 100.0)","(1, 100.0)","(1, 100.0)","(1, 100.0)","(1, 100.0)","(1, 100.0)"
1,"(1, 100.0)","(1, 100.0)","(1, 100.0)","(1, 99.67)","(1, 99.47)","(1, 99.64)","(1, 100.0)","(1, 98.55)"
1,"(1, 100.0)","(1, 100.0)","(1, 100.0)","(1, 100.0)","(1, 100.0)","(1, 100.0)","(1, 100.0)","(1, 100.0)"
0,,,,,,,,
1,"(1, 100.0)","(1, 100.0)","(1, 100.0)","(1, 100.0)","(1, 100.0)","(1, 100.0)","(1, 100.0)","(1, 100.0)"
1,"(1, 100.0)","(1, 100.0)","(1, 100.0)","(1, 100.0)","(1, 100.0)","(1, 100.0)","(1, 100.0)","(1, 100.0)"
0,,,,,,,,
1,"(1, 100.0)","(1, 100.0)","(1, 99.96)","(1, 99.73)","(1, 99.11)","(1, 99.99)","(1, 100.0)","(1, 99.9)"
1,"(1, 100.0)","(1, 100.0)","(1, 100.0)","(1, 100.0)","(1, 100.0)","(1, 100.0)","(1, 100.0)","(1, 100.0)"
1,"(1, 100.0)","(1, 100.0)","(1, 100.0)","(1, 100.0)","(1, 100.0)","(1, 100.0)","(1, 100.0)","(1, 100.0)"
1,"(1, 100.0)","(1, 100.0)","(1, 100.0)","(1, 100.0)","(1, 100.0)","(1, 100.0)","(1, 100.0)","(1, 100.0)"
1,"(1, 100.0)","(1, 100.0)","(1, 100.0)","(1, 100.0)","(1, 99.96)","(1, 100.0)","(1, 100.0)","(1, 100.0)"
1,"(1, 100.0)","(1, 100.0)","(1, 100.0)","(1, 100.0)","(1, 100.0)","(1, 100.0)","(1, 100.0)","(1, 100.0)"
1,"(1, 100.0)","(1, 100.0)","(1, 100.0)","(1, 100.0)","(1, 100.0)","(1, 100.0)","(1, 100.0)","(1, 100.0)"
1,"(1, 100.0)","(1, 100.0)","(1, 100.0)","(1, 100.0)","(1, 100.0)","(1, 100.0)","(1, 100.0)","(1, 100.0)"
1,"(1, 100.0)","(1, 100.0)","(1, 100.0)","(1, 100.0)","(1, 100.0)","(1, 100.0)","(1, 100.0)","(1, 100.0)"
1,"(1, 100.0)","(1, 100.0)","(1, 100.0)","(1, 100.0)","(1, 100.0)","(1, 100.0)","(1, 100.0)","(1, 100.0)"
1,"(1, 100.0)","(1, 100.0)","(1, 100.0)","(1, 100.0)","(1, 100.0)","(1, 100.0)","(1, 100.0)","(1, 100.0)"
1,"(1, 100.0)","(1, 100.0)","(1, 100.0)","(1, 100.0)","(1, 100.0)","(1, 100.0)","(1, 100.0)","(1, 100.0)"
1,"(1, 99.13)","(1, 98.4)","(1, 99.33)","(1, 97.07)","(0, 77.69)","(0, 73.08)","(0, 99.68)","(1, 70.57)"
0,,,,,,,,
1,"(1, 99.8)","(1, 99.96)","(1, 100.0)","(1, 99.99)","(1, 99.94)","(1, 100.0)","(1, 100.0)","(1, 100.0)"
1,"(1, 99.91)","(1, 99.99)","(1, 98.45)","(1, 99.82)","(1, 95.76)","(1, 100.0)","(1, 100.0)","(1, 100.0)"
1,"(1, 100.0)","(1, 100.0)","(1, 100.0)","(1, 99.99)","(1, 100.0)","(1, 100.0)","(1, 100.0)","(1, 100.0)"
1,"(1, 100.0)","(1, 100.0)","(1, 100.0)","(1, 100.0)","(1, 100.0)","(1, 100.0)","(1, 100.0)","(1, 100.0)"
1,"(1, 100.0)","(1, 100.0)","(1, 100.0)","(1, 100.0)","(1, 100.0)","(1, 100.0)","(1, 100.0)","(1, 100.0)"
1,"(1, 100.0)","(1, 100.0)","(1, 100.0)","(1, 100.0)","(1, 100.0)","(1, 100.0)","(1, 100.0)","(1, 100.0)"
1,"(1, 100.0)","(1, 100.0)","(1, 100.0)","(1, 100.0)","(1, 100.0)","(1, 100.0)","(1, 100.0)","(1, 100.0)"
1,"(1, 99.81)","(1, 99.4)","(1, 99.14)","(1, 79.81)","(0, 70.5)","(0, 98.89)","(0, 99.99)","(1, 99.73)"
1,"(1, 100.0)","(1, 100.0)","(1, 100.0)","(1, 100.0)","(1, 100.0)","(1, 100.0)","(1, 100.0)","(1, 100.0)"
1,"(1, 100.0)","(1, 100.0)","(1, 100.0)","(1, 100.0)","(1, 100.0)","(1, 100.0)","(1, 100.0)","(1, 100.0)"
1,"(1, 99.85)","(1, 99.97)","(1, 98.99)","(1, 99.31)","(1, 80.68)","(1, 99.98)","(1, 100.0)","(1, 100.0)"
0,,,,,,,,
0,,,,,,,,
1,"(0, 92.52)","(1, 49.77)","(0, 87.92)","(1, 92.14)","(0, 93.21)","(1, 77.63)","(1, 99.01)","(0, 83.53)"
1,"(1, 100.0)","(1, 100.0)","(1, 100.0)","(1, 100.0)","(1, 100.0)","(1, 100.0)","(1, 100.0)","(1, 100.0)"
0,,,,,,,,
1,"(0, 100.0)","(0, 100.0)","(0, 100.0)","(0, 100.0)","(1, 100.0)","(1, 100.0)","(1, 100.0)","(0, 100.0)"
1,"(1, 99.99)","(1, 100.0)","(1, 100.0)","(1, 100.0)","(1, 100.0)","(1, 100.0)","(1, 99.99)","(1, 100.0)"
0,,,,,,,,
1,"(0, 58.54)","(1, 99.93)","(1, 85.5)","(1, 46.0)","(1, 52.17)","(1, 99.93)","(1, 100.0)","(1, 99.79)"
1,"(1, 99.99)","(1, 99.99)","(1, 99.99)","(1, 100.0)","(1, 100.0)","(1, 99.99)","(1, 99.99)","(1, 99.99)"
1,"(0, 99.93)","(0, 98.17)","(0, 75.47)","(1, 75.42)","(0, 97.05)","(0, 99.63)","(0, 99.87)","(0, 97.95)"
1,"(1, 99.95)","(1, 99.89)","(1, 99.89)","(1, 97.06)","(1, 99.14)","(1, 99.98)","(1, 100.0)","(1, 99.99)"
1,"(1, 100.0)","(1, 100.0)","(1, 100.0)","(1, 100.0)","(1, 100.0)","(1, 100.0)","(1, 100.0)","(1, 100.0)"
1,"(1, 99.8)","(1, 99.53)","(1, 99.33)","(1, 99.14)","(1, 98.9)","(1, 97.89)","(1, 99.89)","(1, 99.55)"
1,"(1, 85.11)","(1, 89.31)","(0, 54.69)","(1, 99.82)","(1, 90.45)","(0, 56.21)","(1, 92.41)","(1, 53.12)"
1,"(1, 100.0)","(1, 100.0)","(1, 100.0)","(1, 100.0)","(1, 100.0)","(1, 100.0)","(1, 100.0)","(1, 100.0)"
1,"(1, 98.55)","(1, 81.51)","(0, 83.53)","(0, 70.57)","(0, 65.13)","(0, 56.2)","(1, 59.25)","(0, 88.07)"
1,"(1, 100.0)","(1, 100.0)","(1, 100.0)","(1, 100.0)","(1, 100.0)","(1, 100.0)","(1, 100.0)","(1, 100.0)"
1,"(1, 90.45)","(1, 79.81)","(0, 97.04)","(1, 53.09)","(0, 93.09)","(1, 62.24)","(1, 99.59)","(1, 73.1)"
1,"(1, 99.98)","(1, 100.0)","(1, 100.0)","(1, 100.0)","(1, 100.0)","(1, 100.0)","(1, 100.0)","(1, 100.0)"
1,"(1, 99.99)","(1, 100.0)","(1, 100.0)","(1, 100.0)","(1, 100.0)","(1, 100.0)","(1, 99.99)","(1, 100.0)"
1,"(1, 100.0)","(1, 100.0)","(1, 100.0)","(1, 100.0)","(1, 100.0)","(1, 100.0)","(1, 100.0)","(1, 100.0)"
1,"(1, 100.0)","(1, 100.0)","(1, 100.0)","(1, 100.0)","(1, 100.0)","(1, 100.0)","(1, 100.0)","(1, 100.0)"
1,"(1, 99.99)","(1, 100.0)","(1, 100.0)","(1, 100.0)","(1, 99.99)","(1, 100.0)","(1, 100.0)","(1, 100.0)"
1,"(1, 100.0)","(1, 100.0)","(1, 100.0)","(1, 100.0)","(1, 100.0)","(1, 100.0)","(1, 100.0)","(1, 100.0)"
1,"(1, 99.98)","(1, 99.98)","(1, 99.98)","(1, 99.88)","(1, 97.12)","(1, 99.47)","(1, 100.0)","(1, 99.97)"
1,"(1, 100.0)","(1, 100.0)","(1, 100.0)","(1, 100.0)","(1, 100.0)","(1, 100.0)","(1, 100.0)","(1, 100.0)"
1,"(1, 99.98)","(1, 99.99)","(1, 99.94)","(1, 99.93)","(1, 99.85)","(1, 100.0)","(1, 100.0)","(1, 100.0)"
1,"(1, 100.0)","(1, 100.0)","(1, 100.0)","(1, 100.0)","(1, 100.0)","(1, 100.0)","(1, 100.0)","(1, 100.0)"
1,"(1, 100.0)","(1, 100.0)","(1, 100.0)","(1, 100.0)","(1, 100.0)","(1, 100.0)","(1, 100.0)","(1, 100.0)"
1,"(1, 100.0)","(1, 100.0)","(1, 100.0)","(1, 100.0)","(1, 100.0)","(1, 100.0)","(1, 100.0)","(1, 100.0)"
1,"(1, 99.96)","(1, 99.98)","(1, 99.98)","(1, 98.57)","(1, 97.67)","(1, 99.86)","(1, 100.0)","(1, 99.99)"
1,"(1, 100.0)","(1, 100.0)","(1, 100.0)","(1, 100.0)","(1, 100.0)","(1, 100.0)","(1, 100.0)","(1, 100.0)"
1,"(1, 53.11)","(1, 88.07)","(1, 75.43)","(0, 79.81)","(1, 97.4)","(1, 93.99)","(1, 100.0)","(1, 99.78)"
1,"(1, 100.0)","(1, 100.0)","(1, 100.0)","(1, 100.0)","(1, 100.0)","(1, 100.0)","(1, 100.0)","(1, 100.0)"
1,"(1, 98.4)","(1, 99.02)","(1, 97.78)","(1, 99.48)","(1, 98.84)","(1, 100.0)","(1, 100.0)","(1, 100.0)"
1,"(1, 100.0)","(1, 100.0)","(1, 100.0)","(1, 100.0)","(1, 99.99)","(1, 100.0)","(1, 100.0)","(1, 100.0)"
1,"(1, 100.0)","(1, 100.0)","(1, 100.0)","(1, 100.0)","(1, 100.0)","(1, 100.0)","(1, 100.0)","(1, 100.0)"
1,"(1, 100.0)","(1, 100.0)","(1, 100.0)","(1, 100.0)","(1, 100.0)","(1, 100.0)","(1, 100.0)","(1, 100.0)"
1,"(1, 100.0)","(1, 100.0)","(1, 100.0)","(1, 100.0)","(1, 100.0)","(1, 100.0)","(1, 100.0)","(1, 100.0)"
1,"(1, 100.0)","(1, 100.0)","(1, 100.0)","(1, 100.0)","(1, 100.0)","(1, 100.0)","(1, 100.0)","(1, 100.0)"
1,"(1, 99.99)","(1, 100.0)","(1, 100.0)","(1, 100.0)","(1, 100.0)","(1, 100.0)","(1, 100.0)","(1, 100.0)"
1,"(1, 100.0)","(1, 100.0)","(1, 100.0)","(1, 100.0)","(1, 100.0)","(1, 100.0)","(1, 100.0)","(1, 100.0)"
1,"(1, 100.0)","(1, 100.0)","(1, 100.0)","(1, 100.0)","(1, 99.99)","(1, 100.0)","(1, 100.0)","(1, 99.99)"
0,,,,,,,,
1,"(1, 100.0)","(1, 100.0)","(1, 100.0)","(1, 100.0)","(1, 100.0)","(1, 100.0)","(1, 100.0)","(1, 100.0)"
1,"(1, 100.0)","(1, 100.0)","(1, 100.0)","(1, 100.0)","(1, 100.0)","(1, 100.0)","(1, 100.0)","(1, 99.98)"
1,"(1, 100.0)","(1, 100.0)","(1, 100.0)","(1, 100.0)","(1, 100.0)","(1, 100.0)","(1, 100.0)","(1, 100.0)"
1,"(1, 100.0)","(1, 99.99)","(1, 99.99)","(1, 99.93)","(1, 98.87)","(1, 100.0)","(1, 100.0)","(1, 100.0)"
1,"(1, 100.0)","(1, 100.0)","(1, 100.0)","(1, 100.0)","(1, 100.0)","(1, 99.99)","(1, 100.0)","(1, 100.0)"
1,"(1, 99.99)","(1, 100.0)","(1, 100.0)","(1, 100.0)","(1, 100.0)","(1, 100.0)","(1, 100.0)","(1, 100.0)"
1,"(1, 100.0)","(1, 100.0)","(1, 100.0)","(1, 100.0)","(1, 100.0)","(1, 100.0)","(1, 100.0)","(1, 100.0)"
1,"(1, 100.0)","(1, 100.0)","(1, 100.0)","(1, 100.0)","(1, 100.0)","(1, 100.0)","(1, 100.0)","(1, 100.0)"
1,"(1, 100.0)","(1, 100.0)","(1, 100.0)","(1, 100.0)","(1, 99.99)","(1, 99.99)","(1, 100.0)","(1, 100.0)"
1,"(1, 58.21)","(0, 77.71)","(1, 57.6)","(0, 86.06)","(1, 57.36)","(0, 90.43)","(0, 94.9)","(1, 61.96)"
0,,,,,,,,
1,"(1, 99.78)","(1, 93.99)","(1, 97.4)","(0, 88.08)","(1, 100.0)","(1, 100.0)","(1, 100.0)","(1, 100.0)"
1,"(1, 100.0)","(1, 100.0)","(1, 100.0)","(1, 100.0)","(1, 100.0)","(1, 100.0)","(1, 100.0)","(1, 100.0)"
1,"(1, 100.0)","(1, 100.0)","(1, 100.0)","(1, 100.0)","(1, 100.0)","(1, 100.0)","(1, 100.0)","(1, 100.0)"
1,"(1, 100.0)","(1, 100.0)","(1, 100.0)","(1, 100.0)","(1, 100.0)","(1, 100.0)","(1, 100.0)","(1, 100.0)"
1,"(1, 100.0)","(1, 100.0)","(1, 100.0)","(1, 100.0)","(1, 100.0)","(1, 100.0)","(1, 100.0)","(1, 100.0)"
1,"(1, 98.4)","(1, 81.69)","(0, 46.78)","(1, 99.64)","(0, 54.26)","(1, 93.93)","(0, 73.1)","(1, 99.61)"
1,"(1, 99.98)","(1, 99.94)","(1, 100.0)","(1, 99.99)","(1, 99.97)","(1, 100.0)","(1, 100.0)","(1, 100.0)"
1,"(1, 99.99)","(1, 100.0)","(1, 100.0)","(1, 99.89)","(1, 99.89)","(1, 100.0)","(1, 100.0)","(1, 100.0)"
1,"(1, 100.0)","(1, 100.0)","(1, 100.0)","(1, 100.0)","(1, 100.0)","(1, 100.0)","(1, 100.0)","(1, 100.0)"
1,"(1, 100.0)","(1, 100.0)","(1, 100.0)","(1, 100.0)","(1, 100.0)","(1, 100.0)","(1, 100.0)","(1, 100.0)"
1,"(1, 100.0)","(1, 100.0)","(1, 100.0)","(1, 100.0)","(1, 100.0)","(1, 100.0)","(1, 100.0)","(1, 100.0)"
1,"(1, 100.0)","(1, 100.0)","(1, 100.0)","(1, 100.0)","(1, 100.0)","(1, 100.0)","(1, 100.0)","(1, 100.0)"
1,"(1, 100.0)","(1, 100.0)","(1, 100.0)","(1, 100.0)","(1, 100.0)","(1, 100.0)","(1, 100.0)","(1, 100.0)"
1,"(1, 100.0)","(1, 100.0)","(1, 100.0)","(1, 100.0)","(1, 100.0)","(1, 100.0)","(1, 100.0)","(1, 100.0)"
1,"(1, 100.0)","(1, 100.0)","(1, 100.0)","(1, 100.0)","(1, 100.0)","(1, 100.0)","(1, 100.0)","(1, 100.0)"
1,"(1, 100.0)","(1, 100.0)","(1, 100.0)","(1, 100.0)","(1, 100.0)","(1, 100.0)","(1, 100.0)","(1, 100.0)"
0,,,,,,,,
1,"(1, 99.99)","(1, 100.0)","(1, 100.0)","(1, 100.0)","(1, 100.0)","(1, 100.0)","(1, 100.0)","(1, 100.0)"
1,"(1, 99.84)","(1, 99.44)","(1, 97.73)","(1, 98.43)","(1, 98.99)","(1, 100.0)","(1, 100.0)","(1, 100.0)"
1,"(1, 99.99)","(1, 100.0)","(1, 100.0)","(1, 100.0)","(1, 100.0)","(1, 100.0)","(1, 100.0)","(1, 100.0)"
1,"(1, 100.0)","(1, 100.0)","(1, 100.0)","(1, 100.0)","(1, 100.0)","(1, 100.0)","(1, 100.0)","(1, 100.0)"
1,"(1, 100.0)","(1, 99.99)","(1, 100.0)","(1, 100.0)","(1, 99.99)","(1, 100.0)","(1, 100.0)","(1, 100.0)"
1,"(1, 100.0)","(1, 100.0)","(1, 100.0)","(1, 100.0)","(1, 100.0)","(1, 100.0)","(1, 100.0)","(1, 100.0)"
1,"(0, 99.14)","(0, 99.24)","(0, 56.22)","(1, 59.27)","(0, 98.2)","(0, 99.97)","(0, 100.0)","(0, 99.92)"
1,"(1, 100.0)","(1, 100.0)","(1, 100.0)","(1, 100.0)","(1, 100.0)","(1, 100.0)","(1, 100.0)","(1, 100.0)"
1,"(1, 99.99)","(1, 99.99)","(1, 99.99)","(1, 99.98)","(1, 100.0)","(1, 100.0)","(1, 100.0)","(1, 100.0)"
1,"(1, 100.0)","(1, 100.0)","(1, 100.0)","(1, 99.62)","(1, 99.84)","(1, 100.0)","(1, 100.0)","(1, 100.0)"
1,"(1, 97.26)","(1, 81.31)","(1, 54.27)","(0, 96.44)","(1, 99.39)","(1, 99.4)","(1, 100.0)","(1, 99.64)"
1,"(1, 100.0)","(1, 100.0)","(1, 99.96)","(1, 99.9)","(1, 99.99)","(1, 99.98)","(1, 100.0)","(1, 100.0)"
1,"(1, 87.72)","(1, 99.36)","(1, 99.79)","(1, 99.16)","(1, 93.55)","(1, 99.96)","(1, 100.0)","(1, 100.0)"
1,"(1, 99.33)","(1, 99.94)","(0, 98.41)","(1, 99.98)","(0, 98.9)","(0, 99.94)","(1, 88.08)","(1, 50.0)"
1,"(1, 100.0)","(1, 100.0)","(1, 100.0)","(1, 100.0)","(1, 100.0)","(1, 100.0)","(1, 100.0)","(1, 100.0)"
1,"(1, 99.99)","(1, 99.8)","(1, 99.98)","(1, 99.28)","(1, 99.5)","(1, 99.68)","(1, 100.0)","(1, 100.0)"
1,"(1, 100.0)","(1, 100.0)","(1, 100.0)","(1, 100.0)","(1, 100.0)","(1, 100.0)","(1, 100.0)","(1, 100.0)"
1,"(1, 98.4)","(1, 98.74)","(1, 81.71)","(0, 91.34)","(1, 95.25)","(1, 99.97)","(1, 100.0)","(1, 99.64)"
1,"(1, 99.75)","(1, 99.54)","(1, 83.34)","(1, 81.22)","(1, 82.87)","(1, 100.0)","(1, 100.0)","(1, 100.0)"
1,"(1, 99.99)","(1, 100.0)","(1, 99.96)","(1, 99.54)","(1, 99.96)","(1, 100.0)","(1, 100.0)","(1, 100.0)"
1,"(1, 100.0)","(1, 100.0)","(1, 100.0)","(1, 100.0)","(1, 100.0)","(1, 100.0)","(1, 100.0)","(1, 100.0)"
1,"(1, 100.0)","(1, 100.0)","(1, 100.0)","(1, 100.0)","(1, 100.0)","(1, 100.0)","(1, 100.0)","(1, 100.0)"
0,,,,,,,,
1,"(1, 100.0)","(1, 100.0)","(1, 100.0)","(1, 100.0)","(1, 100.0)","(1, 100.0)","(1, 100.0)","(1, 100.0)"
1,"(1, 100.0)","(1, 100.0)","(1, 100.0)","(1, 100.0)","(1, 100.0)","(1, 100.0)","(1, 100.0)","(1, 100.0)"
1,"(1, 100.0)","(1, 100.0)","(1, 100.0)","(1, 100.0)","(1, 100.0)","(1, 100.0)","(1, 100.0)","(1, 100.0)"
1,"(1, 99.99)","(1, 100.0)","(1, 100.0)","(1, 100.0)","(1, 100.0)","(1, 100.0)","(1, 100.0)","(1, 100.0)"
1,"(1, 100.0)","(1, 100.0)","(1, 100.0)","(1, 100.0)","(1, 100.0)","(1, 99.88)","(1, 100.0)","(1, 100.0)"
1,"(1, 100.0)","(1, 100.0)","(1, 100.0)","(1, 100.0)","(1, 100.0)","(1, 100.0)","(1, 100.0)","(1, 100.0)"
1,"(1, 100.0)","(1, 100.0)","(1, 100.0)","(1, 100.0)","(1, 100.0)","(1, 100.0)","(1, 100.0)","(1, 100.0)"
1,"(1, 100.0)","(1, 100.0)","(1, 100.0)","(1, 100.0)","(1, 100.0)","(1, 100.0)","(1, 100.0)","(1, 100.0)"
1,"(1, 99.79)","(1, 99.84)","(1, 98.67)","(1, 81.08)","(1, 82.0)","(1, 99.97)","(1, 100.0)","(1, 100.0)"
1,"(1, 100.0)","(1, 100.0)","(1, 100.0)","(1, 100.0)","(1, 100.0)","(1, 100.0)","(1, 100.0)","(1, 100.0)"
1,"(1, 100.0)","(1, 100.0)","(1, 100.0)","(0, 100.0)","(1, 100.0)","(1, 100.0)","(1, 100.0)","(1, 100.0)"
1,"(1, 99.99)","(1, 100.0)","(1, 100.0)","(1, 100.0)","(1, 100.0)","(1, 100.0)","(1, 100.0)","(1, 100.0)"
1,"(1, 100.0)","(1, 100.0)","(1, 100.0)","(1, 100.0)","(1, 100.0)","(1, 100.0)","(1, 100.0)","(1, 100.0)"
0,,,,,,,,
0,,,,,,,,
1,"(1, 100.0)","(1, 100.0)","(1, 100.0)","(1, 100.0)","(1, 100.0)","(1, 100.0)","(1, 100.0)","(1, 100.0)"
1,"(1, 100.0)","(1, 100.0)","(1, 100.0)","(1, 100.0)","(1, 100.0)","(1, 100.0)","(1, 100.0)","(1, 100.0)"
1,"(1, 99.99)","(1, 100.0)","(1, 100.0)","(1, 100.0)","(1, 100.0)","(1, 100.0)","(1, 100.0)","(1, 100.0)"
1,"(1, 100.0)","(1, 100.0)","(1, 100.0)","(1, 100.0)","(1, 100.0)","(1, 100.0)","(1, 100.0)","(1, 100.0)"
1,"(1, 99.99)","(1, 100.0)","(1, 99.9)","(1, 99.98)","(1, 99.92)","(1, 99.97)","(1, 100.0)","(1, 100.0)"
1,"(1, 99.99)","(1, 99.99)","(1, 100.0)","(1, 99.98)","(1, 99.74)","(1, 99.98)","(1, 100.0)","(1, 100.0)"
1,"(1, 99.99)","(1, 99.99)","(1, 99.98)","(1, 99.97)","(1, 99.95)","(1, 99.96)","(1, 100.0)","(1, 100.0)"
1,"(0, 76.77)","(0, 94.97)","(0, 99.85)","(0, 72.94)","(1, 59.06)","(0, 75.25)","(0, 99.95)","(1, 70.56)"
1,"(1, 100.0)","(1, 100.0)","(1, 100.0)","(1, 100.0)","(1, 100.0)","(1, 100.0)","(1, 100.0)","(1, 100.0)"
1,"(1, 100.0)","(1, 100.0)","(1, 100.0)","(1, 100.0)","(1, 100.0)","(1, 100.0)","(1, 100.0)","(1, 100.0)"
0,,,,,,,,
1,"(1, 100.0)","(1, 100.0)","(1, 100.0)","(1, 100.0)","(1, 100.0)","(1, 100.0)","(1, 100.0)","(1, 100.0)"
1,"(1, 100.0)","(1, 100.0)","(1, 100.0)","(1, 99.99)","(1, 100.0)","(1, 100.0)","(1, 100.0)","(1, 100.0)"
1,"(1, 99.92)","(1, 99.85)","(1, 99.69)","(1, 86.49)","(1, 59.83)","(1, 98.99)","(1, 100.0)","(1, 99.0)"
1,"(1, 100.0)","(1, 100.0)","(1, 100.0)","(1, 100.0)","(1, 100.0)","(1, 99.99)","(1, 100.0)","(1, 100.0)"
1,"(1, 100.0)","(1, 100.0)","(1, 100.0)","(1, 100.0)","(1, 100.0)","(1, 100.0)","(1, 100.0)","(1, 100.0)"
0,,,,,,,,
1,"(1, 100.0)","(1, 100.0)","(1, 100.0)","(1, 100.0)","(1, 100.0)","(1, 100.0)","(1, 100.0)","(1, 100.0)"
1,"(1, 100.0)","(1, 100.0)","(1, 100.0)","(1, 100.0)","(1, 100.0)","(1, 100.0)","(1, 100.0)","(1, 100.0)"
1,"(1, 99.97)","(1, 99.95)","(1, 99.99)","(1, 99.85)","(1, 99.85)","(1, 100.0)","(1, 100.0)","(1, 100.0)"
1,"(0, 67.53)","(1, 89.22)","(0, 87.89)","(1, 98.97)","(0, 93.85)","(0, 93.22)","(0, 99.54)","(0, 82.13)"
1,"(1, 99.99)","(1, 99.95)","(1, 99.98)","(1, 99.79)","(1, 99.84)","(1, 99.85)","(1, 100.0)","(1, 99.99)"
1,"(1, 100.0)","(1, 100.0)","(1, 100.0)","(1, 100.0)","(1, 100.0)","(1, 100.0)","(1, 100.0)","(1, 100.0)"
0,,,,,,,,
1,"(0, 54.49)","(1, 99.29)","(1, 73.58)","(1, 87.83)","(1, 62.85)","(0, 53.11)","(1, 78.93)","(1, 91.35)"
